timestamp,open,high,low,close,volume
2024-02-01T00:00:00Z,42580.0,42687.63,42220.85,42474.95,1507.53813
2024-02-01T01:00:00Z,42474.96,42476.0,41884.28,41983.54,2384.42419
2024-02-01T02:00:00Z,41983.54,42176.87,41958.71,42162.56,1253.03633
2024-02-01T03:00:00Z,42162.55,42190.4,41958.71,42015.65,1014.26773
2024-02-01T04:00:00Z,42015.65,42141.68,41889.95,42073.43,1689.40041
2024-02-01T05:00:00Z,42073.43,42198.0,42028.41,42156.5,1043.08963
2024-02-01T06:00:00Z,42156.5,42225.47,42123.35,42192.4,1034.13285
2024-02-01T07:00:00Z,42192.39,42300.0,42124.59,42190.16,1046.12528
2024-02-01T08:00:00Z,42190.15,42250.0,42125.25,42244.54,819.12804
2024-02-01T09:00:00Z,42244.54,42261.81,42130.0,42148.31,744.12464
2024-02-01T10:00:00Z,42148.31,42331.1,42112.95,42226.02,1161.43848
2024-02-01T11:00:00Z,42226.01,42298.03,42026.52,42087.52,1278.06135
2024-02-01T12:00:00Z,42087.52,42237.24,41944.89,42142.8,1494.45184
2024-02-01T13:00:00Z,42142.81,42294.0,41981.17,42219.61,1253.09846
2024-02-01T14:00:00Z,42219.61,42657.48,42186.0,42651.1,2229.76128
2024-02-01T15:00:00Z,42651.1,42946.6,42516.11,42516.12,2881.0304
2024-02-01T16:00:00Z,42516.12,42698.0,42364.0,42658.15,1874.20315
2024-02-01T17:00:00Z,42658.15,43169.23,42628.0,42924.0,2693.82895
2024-02-01T18:00:00Z,42923.99,43053.03,42771.82,42847.06,1644.6931
2024-02-01T19:00:00Z,42847.07,43285.13,42831.11,43218.94,1870.84384
2024-02-01T20:00:00Z,43218.94,43279.91,42895.86,43011.83,1625.6493
2024-02-01T21:00:00Z,43011.83,43220.0,42967.19,43096.41,1259.54812
2024-02-01T22:00:00Z,43096.42,43111.1,42872.91,42927.11,731.61076
2024-02-01T23:00:00Z,42927.12,43086.13,42886.33,43082.94,697.56038
2024-02-02T00:00:00Z,43082.95,43432.63,43046.48,43174.41,1792.3848
2024-02-02T01:00:00Z,43174.41,43296.35,43104.79,43121.1,1034.42382
2024-02-02T02:00:00Z,43121.1,43200.0,43039.0,43080.41,963.35197
2024-02-02T03:00:00Z,43080.4,43108.48,43026.15,43037.25,456.17682
2024-02-02T04:00:00Z,43037.25,43061.11,42943.71,42966.65,530.31751
2024-02-02T05:00:00Z,42966.65,43140.25,42951.1,43103.97,726.6574
2024-02-02T06:00:00Z,43103.98,43271.1,43086.95,43165.0,1382.5648
2024-02-02T07:00:00Z,43165.0,43258.03,43086.89,43086.89,1424.82076
2024-02-02T08:00:00Z,43086.9,43107.97,42957.7,43015.99,1112.07579
2024-02-02T09:00:00Z,43015.99,43081.09,42957.43,42980.91,905.74704
2024-02-02T10:00:00Z,42980.91,43140.0,42941.1,43122.48,1137.69292
2024-02-02T11:00:00Z,43122.47,43199.0,43060.0,43148.41,939.24926
2024-02-02T12:00:00Z,43148.42,43239.57,43060.0,43130.81,1277.78253
2024-02-02T13:00:00Z,43130.81,43146.17,42546.79,42694.01,2822.02176
2024-02-02T14:00:00Z,42694.01,42913.01,42610.0,42805.35,1700.43067
2024-02-02T15:00:00Z,42805.35,43250.0,42750.0,43242.09,2693.30089
2024-02-02T16:00:00Z,43242.1,43488.0,43100.0,43216.36,2806.19754
2024-02-02T17:00:00Z,43216.35,43296.0,42901.1,42958.47,1481.05645
2024-02-02T18:00:00Z,42958.47,42990.0,42783.09,42928.01,1174.01302
2024-02-02T19:00:00Z,42928.0,43080.0,42920.36,43061.97,901.39668
2024-02-02T20:00:00Z,43061.98,43089.91,42900.48,42952.65,782.65743
2024-02-02T21:00:00Z,42952.65,43067.78,42950.63,42995.17,484.16268
2024-02-02T22:00:00Z,42995.16,43226.61,42995.16,43202.59,569.5409
2024-02-02T23:00:00Z,43202.6,43238.01,43132.46,43200.0,574.12074
2024-02-03T00:00:00Z,43199.99,43380.01,43151.11,43229.07,970.35215
2024-02-03T01:00:00Z,43229.07,43322.0,43192.79,43221.1,509.33294
2024-02-03T02:00:00Z,43221.11,43233.55,43154.28,43187.98,402.3204
2024-02-03T03:00:00Z,43187.98,43234.03,43142.0,43173.94,341.21743
2024-02-03T04:00:00Z,43173.95,43222.75,43153.68,43191.67,296.33943
2024-02-03T05:00:00Z,43191.66,43209.11,43095.56,43168.78,431.51848
2024-02-03T06:00:00Z,43168.78,43168.82,43081.1,43095.39,294.70009
2024-02-03T07:00:00Z,43095.39,43133.96,43040.0,43053.05,323.55811
2024-02-03T08:00:00Z,43053.05,43089.58,43004.0,43016.79,386.45599
2024-02-03T09:00:00Z,43016.78,43123.43,43016.78,43092.13,425.87144
2024-02-03T10:00:00Z,43092.12,43125.28,43041.79,43062.07,413.1643
2024-02-03T11:00:00Z,43062.07,43062.07,42973.66,42995.04,584.93265
2024-02-03T12:00:00Z,42995.04,43084.82,42974.99,43070.25,458.199
2024-02-03T13:00:00Z,43070.25,43093.52,43041.1,43071.59,329.10642
2024-02-03T14:00:00Z,43071.6,43081.96,43022.9,43042.27,414.56612
2024-02-03T15:00:00Z,43042.28,43190.0,42880.0,43119.06,1304.09113
2024-02-03T16:00:00Z,43119.06,43186.77,43072.53,43095.04,620.63671
2024-02-03T17:00:00Z,43095.04,43270.0,43091.1,43230.01,842.36557
2024-02-03T18:00:00Z,43230.0,43243.52,43028.88,43070.35,806.97707
2024-02-03T19:00:00Z,43070.35,43088.82,43016.28,43061.09,401.64152
2024-02-03T20:00:00Z,43061.09,43104.68,43007.44,43065.15,347.05646
2024-02-03T21:00:00Z,43065.15,43093.04,43027.18,43045.02,300.90176
2024-02-03T22:00:00Z,43045.01,43076.98,43013.05,43031.31,302.27852
2024-02-03T23:00:00Z,43031.32,43075.39,42953.33,43011.09,525.82629
2024-02-04T00:00:00Z,43011.1,43017.44,42880.01,43008.15,746.00106
2024-02-04T01:00:00Z,43008.14,43044.56,42948.32,43041.33,280.68765
2024-02-04T02:00:00Z,43041.32,43068.79,43021.41,43022.65,272.52037
2024-02-04T03:00:00Z,43022.64,43047.98,43022.64,43027.16,157.7098
2024-02-04T04:00:00Z,43027.16,43029.17,42901.19,42916.5,325.57336
2024-02-04T05:00:00Z,42916.5,42960.09,42862.51,42892.38,541.39
2024-02-04T06:00:00Z,42892.39,42932.74,42743.95,42746.13,761.57396
2024-02-04T07:00:00Z,42746.13,42862.18,42720.07,42845.03,579.8317
2024-02-04T08:00:00Z,42845.03,42845.03,42774.47,42795.25,389.8882
2024-02-04T09:00:00Z,42795.24,42986.4,42741.6,42942.73,1001.63504
2024-02-04T10:00:00Z,42942.73,42944.61,42872.3,42944.0,415.49135
2024-02-04T11:00:00Z,42944.0,43119.04,42931.32,43060.1,770.93915
2024-02-04T12:00:00Z,43060.09,43115.76,42994.43,42994.44,616.83738
2024-02-04T13:00:00Z,42994.44,43037.92,42963.53,42995.52,426.19642
2024-02-04T14:00:00Z,42995.53,43016.16,42850.0,42874.0,927.07957
2024-02-04T15:00:00Z,42874.0,42954.59,42845.51,42943.21,574.59974
2024-02-04T16:00:00Z,42943.2,42943.21,42881.14,42913.16,405.86823
2024-02-04T17:00:00Z,42913.16,42969.79,42841.1,42899.45,679.14031
2024-02-04T18:00:00Z,42899.44,42942.95,42757.0,42794.01,793.22597
2024-02-04T19:00:00Z,42794.0,42818.04,42573.17,42636.44,1729.87924
2024-02-04T20:00:00Z,42636.43,42938.0,42541.4,42880.78,1400.52338
2024-02-04T21:00:00Z,42880.79,42985.73,42772.18,42779.97,898.18268
2024-02-04T22:00:00Z,42779.97,42880.93,42222.0,42571.62,1588.48589
2024-02-04T23:00:00Z,42571.61,42652.5,42506.99,42582.88,783.63359
2024-02-05T00:00:00Z,42582.88,42629.41,42355.01,42360.96,1080.113
2024-02-05T01:00:00Z,42360.96,42546.76,42258.1,42529.67,1092.95799
2024-02-05T02:00:00Z,42529.67,42529.68,42379.01,42447.06,751.20014
2024-02-05T03:00:00Z,42447.07,42729.02,42447.06,42718.31,784.73907
2024-02-05T04:00:00Z,42718.31,42825.0,42670.12,42749.13,864.87503
2024-02-05T05:00:00Z,42749.13,42777.25,42642.0,42777.24,739.00099
2024-02-05T06:00:00Z,42777.24,42843.75,42697.52,42819.32,624.34278
2024-02-05T07:00:00Z,42819.31,43176.39,42792.01,43071.88,1954.08375
2024-02-05T08:00:00Z,43071.87,43195.36,42991.15,43033.53,1186.42906
2024-02-05T09:00:00Z,43033.53,43067.33,42954.54,43037.59,633.02755
2024-02-05T10:00:00Z,43037.59,43268.98,43037.59,43143.34,1486.58066
2024-02-05T11:00:00Z,43143.35,43205.35,43080.0,43194.08,768.52047
2024-02-05T12:00:00Z,43194.08,43299.0,43122.23,43255.36,809.69119
2024-02-05T13:00:00Z,43255.35,43569.76,43219.05,43447.67,2642.99233
2024-02-05T14:00:00Z,43447.67,43493.2,43150.91,43195.28,1643.23083
2024-02-05T15:00:00Z,43195.28,43195.29,42600.11,42644.03,2914.13067
2024-02-05T16:00:00Z,42644.04,42771.1,42501.0,42741.69,2335.75351
2024-02-05T17:00:00Z,42741.7,42853.7,42660.0,42720.94,1093.66841
2024-02-05T18:00:00Z,42720.94,42738.95,42574.35,42730.89,873.21216
2024-02-05T19:00:00Z,42730.89,42869.66,42703.43,42765.36,766.75568
2024-02-05T20:00:00Z,42765.35,42798.37,42333.33,42426.01,1989.29246
2024-02-05T21:00:00Z,42426.0,42556.89,42365.81,42386.0,922.78119
2024-02-05T22:00:00Z,42386.01,42530.23,42330.52,42504.74,656.59281
2024-02-05T23:00:00Z,42504.73,42722.3,42462.16,42708.7,853.78732
2024-02-06T00:00:00Z,42708.7,42730.0,42591.1,42600.34,588.85344
2024-02-06T01:00:00Z,42600.34,42769.22,42574.0,42671.11,594.07204
2024-02-06T02:00:00Z,42671.11,42941.47,42650.0,42852.19,1035.93674
2024-02-06T03:00:00Z,42852.18,42960.01,42769.96,42851.11,678.30297
2024-02-06T04:00:00Z,42851.1,42926.73,42784.26,42826.18,571.81254
2024-02-06T05:00:00Z,42826.18,42846.0,42753.99,42785.28,385.73964
2024-02-06T06:00:00Z,42785.27,42796.16,42667.0,42780.46,559.29759
2024-02-06T07:00:00Z,42780.46,42911.1,42743.81,42890.0,684.44354
2024-02-06T08:00:00Z,42889.99,43089.38,42887.48,43069.02,1396.7869
2024-02-06T09:00:00Z,43069.02,43119.9,42950.0,42991.55,1201.85225
2024-02-06T10:00:00Z,42991.56,43100.0,42670.61,42799.5,2004.02342
2024-02-06T11:00:00Z,42799.49,42853.84,42701.04,42826.96,977.01483
2024-02-06T12:00:00Z,42826.96,42895.73,42658.0,42789.36,1173.54011
2024-02-06T13:00:00Z,42789.36,43010.01,42739.94,42881.33,1361.85192
2024-02-06T14:00:00Z,42881.34,43093.83,42815.75,42942.8,1262.74237
2024-02-06T15:00:00Z,42942.79,43270.89,42897.97,43244.89,2151.59923
2024-02-06T16:00:00Z,43244.89,43399.98,43149.64,43165.46,2071.12259
2024-02-06T17:00:00Z,43165.46,43269.75,43101.7,43180.66,1157.15112
2024-02-06T18:00:00Z,43180.67,43256.62,43000.0,43200.31,1022.22951
2024-02-06T19:00:00Z,43200.31,43295.04,43119.61,43278.78,841.09052
2024-02-06T20:00:00Z,43278.79,43322.0,43070.29,43095.67,938.3742
2024-02-06T21:00:00Z,43095.67,43273.06,43060.28,43166.31,776.4339
2024-02-06T22:00:00Z,43166.31,43217.11,43114.73,43199.98,480.74641
2024-02-06T23:00:00Z,43199.97,43222.94,43032.71,43098.95,760.83655
2024-02-07T00:00:00Z,43098.96,43192.0,43049.23,43096.47,732.59917
2024-02-07T01:00:00Z,43096.46,43186.98,43043.95,43049.71,551.08075
2024-02-07T02:00:00Z,43049.71,43101.12,43001.1,43049.04,506.66
2024-02-07T03:00:00Z,43049.04,43049.04,42788.0,42800.0,1177.75777
2024-02-07T04:00:00Z,42799.99,42946.15,42794.67,42929.18,729.3539
2024-02-07T05:00:00Z,42929.18,43051.1,42882.0,43029.12,625.33484
2024-02-07T06:00:00Z,43029.12,43030.61,42891.52,42961.92,565.82276
2024-02-07T07:00:00Z,42961.92,43006.0,42900.0,42918.03,552.74195
2024-02-07T08:00:00Z,42918.02,42969.08,42872.37,42942.83,496.6846
2024-02-07T09:00:00Z,42942.82,43200.0,42907.62,43146.0,953.76251
2024-02-07T10:00:00Z,43146.01,43151.1,42838.01,42897.94,1071.70228
2024-02-07T11:00:00Z,42897.94,42992.84,42870.0,42928.29,779.26601
2024-02-07T12:00:00Z,42928.28,43103.1,42890.51,43073.28,919.57696
2024-02-07T13:00:00Z,43073.29,43179.56,43038.53,43141.98,866.26403
2024-02-07T14:00:00Z,43141.97,43325.03,42941.1,43028.6,2091.84728
2024-02-07T15:00:00Z,43028.59,43190.43,42921.1,43071.08,1296.95027
2024-02-07T16:00:00Z,43071.08,43245.48,43013.75,43240.71,1332.20333
2024-02-07T17:00:00Z,43240.7,43710.0,43228.0,43499.91,4634.721
2024-02-07T18:00:00Z,43499.91,43670.0,43460.22,43650.96,2187.08017
2024-02-07T19:00:00Z,43650.95,43699.98,43431.1,43615.47,1492.8098
2024-02-07T20:00:00Z,43615.47,44261.1,43615.47,44131.37,5364.35734
2024-02-07T21:00:00Z,44131.37,44396.5,44113.96,44185.96,2672.37987
2024-02-07T22:00:00Z,44185.95,44344.0,44125.88,44160.69,1224.25664
2024-02-07T23:00:00Z,44160.68,44363.8,44152.68,44349.6,1567.38592
2024-02-08T00:00:00Z,44349.6,44698.46,44331.1,44676.01,3531.43254
2024-02-08T01:00:00Z,44676.02,44695.47,44476.92,44654.73,1683.51254
2024-02-08T02:00:00Z,44654.73,44780.0,44536.01,44648.32,2033.36119
2024-02-08T03:00:00Z,44648.33,44727.42,44534.0,44540.99,1587.88976
2024-02-08T04:00:00Z,44540.98,44605.0,44480.53,44489.9,806.92713
2024-02-08T05:00:00Z,44489.89,44633.78,44489.89,44552.9,1056.72544
2024-02-08T06:00:00Z,44552.89,44576.0,44450.0,44463.99,805.47228
2024-02-08T07:00:00Z,44463.99,44545.99,44427.01,44513.24,805.39107
2024-02-08T08:00:00Z,44513.25,44744.0,44513.24,44718.33,1350.57478
2024-02-08T09:00:00Z,44718.33,44788.01,44612.66,44692.81,1179.72665
2024-02-08T10:00:00Z,44692.82,44850.0,44686.61,44828.27,1663.73936
2024-02-08T11:00:00Z,44828.26,44885.0,44685.89,44698.97,1664.23633
2024-02-08T12:00:00Z,44698.97,44841.1,44606.0,44689.2,1322.97171
2024-02-08T13:00:00Z,44689.21,45000.0,44684.87,44984.0,2206.39765
2024-02-08T14:00:00Z,44984.0,45241.4,44868.01,45077.99,4347.04013
2024-02-08T15:00:00Z,45077.99,45467.14,44950.0,45432.3,4036.9942
2024-02-08T16:00:00Z,45432.3,45498.0,44904.13,45066.01,3579.95002
2024-02-08T17:00:00Z,45066.0,45239.53,44890.0,45042.53,2359.49348
2024-02-08T18:00:00Z,45042.54,45318.35,44991.1,45302.46,1457.17287
2024-02-08T19:00:00Z,45302.47,45438.59,45230.0,45284.14,1536.9722
2024-02-08T20:00:00Z,45284.13,45614.3,45267.44,45496.21,2888.80631
2024-02-08T21:00:00Z,45496.2,45501.1,45278.07,45321.04,1535.35074
2024-02-08T22:00:00Z,45321.03,45409.81,45227.0,45272.55,946.0015
2024-02-08T23:00:00Z,45272.54,45407.62,45261.1,45288.65,1053.48243
2024-02-09T00:00:00Z,45288.66,45400.01,45242.12,45289.1,1082.7801
2024-02-09T01:00:00Z,45289.1,45500.0,45275.29,45492.0,815.61742
2024-02-09T02:00:00Z,45492.01,46384.27,45441.4,46285.23,4790.56244
2024-02-09T03:00:00Z,46285.22,46350.0,46033.09,46060.74,2793.57991
2024-02-09T04:00:00Z,46060.74,46148.0,45855.0,45960.73,1938.03283
2024-02-09T05:00:00Z,45960.74,46278.0,45932.56,46267.15,1565.75457
2024-02-09T06:00:00Z,46267.15,46269.2,46132.17,46195.91,977.22252
2024-02-09T07:00:00Z,46195.92,46425.03,46190.0,46202.0,2330.22305
2024-02-09T08:00:00Z,46202.01,46675.86,46201.53,46639.99,2562.74751
2024-02-09T09:00:00Z,46640.0,46750.0,46482.35,46522.0,2911.57888
2024-02-09T10:00:00Z,46522.0,46806.24,46521.99,46779.52,1734.15463
2024-02-09T11:00:00Z,46779.53,47299.88,46677.75,47180.02,4364.43199
2024-02-09T12:00:00Z,47180.01,47699.0,47126.29,47323.99,6269.54291
2024-02-09T13:00:00Z,47324.0,47640.82,47254.01,47465.96,3042.13286
2024-02-09T14:00:00Z,47465.97,47719.44,46652.0,47062.01,7226.43714
2024-02-09T15:00:00Z,47062.0,47271.1,46765.44,47159.99,4659.54706
2024-02-09T16:00:00Z,47159.99,47498.0,47134.0,47275.88,3475.83863
2024-02-09T17:00:00Z,47275.88,47661.99,47215.69,47652.24,3223.87771
2024-02-09T18:00:00Z,47652.24,48200.0,47489.47,47602.0,7081.27669
2024-02-09T19:00:00Z,47602.0,47663.71,47248.04,47509.48,3180.19736
2024-02-09T20:00:00Z,47509.48,47693.28,47457.13,47511.29,3010.02275
2024-02-09T21:00:00Z,47511.3,47600.0,47286.11,47507.25,1967.69425
2024-02-09T22:00:00Z,47507.24,47552.0,47035.92,47272.61,1337.29002
2024-02-09T23:00:00Z,47272.61,47283.69,47058.0,47132.77,1162.93777
2024-02-10T00:00:00Z,47132.78,47250.0,47044.88,47088.0,1111.66671
2024-02-10T01:00:00Z,47088.0,47355.23,47061.1,47302.01,1109.83397
2024-02-10T02:00:00Z,47302.01,47333.0,47275.06,47311.39,531.47681
2024-02-10T03:00:00Z,47311.4,47504.0,47311.39,47376.62,1148.05953
2024-02-10T04:00:00Z,47376.62,47430.03,47313.29,47409.5,534.44554
2024-02-10T05:00:00Z,47409.49,47421.29,47255.39,47326.83,489.20761
2024-02-10T06:00:00Z,47326.82,47350.0,47265.69,47349.99,473.08547
2024-02-10T07:00:00Z,47349.99,47352.98,47145.4,47151.72,658.5542
2024-02-10T08:00:00Z,47151.72,47274.0,47068.35,47087.7,832.29961
2024-02-10T09:00:00Z,47087.69,47228.07,47049.63,47066.0,762.14702
2024-02-10T10:00:00Z,47066.0,47172.69,46800.0,46884.22,1574.54712
2024-02-10T11:00:00Z,46884.22,47199.41,46851.65,47182.0,1377.94159
2024-02-10T12:00:00Z,47182.01,47267.98,47151.1,47231.55,968.00077
2024-02-10T13:00:00Z,47231.54,47378.41,47105.44,47303.59,1291.4362
2024-02-10T14:00:00Z,47303.58,47374.0,47236.89,47270.0,694.97488
2024-02-10T15:00:00Z,47270.0,47358.17,47249.55,47353.48,670.46692
2024-02-10T16:00:00Z,47353.48,47353.48,47198.0,47250.0,586.82519
2024-02-10T17:00:00Z,47249.99,47340.0,47154.52,47196.48,776.17718
2024-02-10T18:00:00Z,47196.49,47337.92,47182.31,47329.37,604.31858
2024-02-10T19:00:00Z,47329.38,47660.0,47304.72,47531.09,1413.68092
2024-02-10T20:00:00Z,47531.09,48170.0,47454.37,47878.0,2793.79967
2024-02-10T21:00:00Z,47878.0,48149.81,47775.01,47941.63,1930.43555
2024-02-10T22:00:00Z,47941.64,47954.0,47606.28,47825.9,1437.5822
2024-02-10T23:00:00Z,47825.9,47944.81,47700.0,47751.09,1031.39612
2024-02-11T00:00:00Z,47751.08,47779.57,47610.48,47732.43,751.47522
2024-02-11T01:00:00Z,47732.44,47759.05,47557.16,47626.58,647.86987
2024-02-11T02:00:00Z,47626.59,47776.2,47623.41,47774.23,574.29725
2024-02-11T03:00:00Z,47774.23,48557.0,47774.22,48519.61,4479.29883
2024-02-11T04:00:00Z,48519.6,48592.66,48261.49,48294.76,1661.3563
2024-02-11T05:00:00Z,48294.76,48340.0,48133.33,48224.7,925.81841
2024-02-11T06:00:00Z,48224.71,48314.54,48125.0,48221.94,1128.06797
2024-02-11T07:00:00Z,48221.94,48355.0,48061.1,48179.52,1037.19003
2024-02-11T08:00:00Z,48179.51,48286.55,48075.87,48140.0,800.50147
2024-02-11T09:00:00Z,48139.99,48223.59,48096.0,48139.99,717.14712
2024-02-11T10:00:00Z,48140.0,48187.62,47922.33,48142.78,1033.2732
2024-02-11T11:00:00Z,48142.79,48438.81,48138.05,48411.71,1356.06845
2024-02-11T12:00:00Z,48411.71,48469.07,48257.01,48291.01,1360.05282
2024-02-11T13:00:00Z,48291.01,48347.0,48026.53,48058.12,1774.25568
2024-02-11T14:00:00Z,48058.12,48245.01,47931.82,48234.56,1431.34837
2024-02-11T15:00:00Z,48234.55,48234.56,48028.87,48150.43,900.5631
2024-02-11T16:00:00Z,48150.43,48205.0,47948.38,48104.01,1274.71353
2024-02-11T17:00:00Z,48104.01,48394.29,48104.0,48292.0,1327.55281
2024-02-11T18:00:00Z,48292.01,48356.37,48012.0,48282.22,1282.83115
2024-02-11T19:00:00Z,48282.22,48388.0,48242.26,48284.0,756.31572
2024-02-11T20:00:00Z,48283.99,48375.0,47981.1,48034.55,1413.22456
2024-02-11T21:00:00Z,48034.55,48133.99,47971.18,48116.0,1072.59822
2024-02-11T22:00:00Z,48115.99,48230.47,48088.0,48136.0,1117.46161
2024-02-11T23:00:00Z,48135.99,48300.0,48021.81,48299.99,1135.52668
2024-02-12T00:00:00Z,48300.0,48826.81,48231.1,48604.0,3876.37218
2024-02-12T01:00:00Z,48604.01,48611.0,48333.0,48485.74,1430.13582
2024-02-12T02:00:00Z,48485.74,48540.0,48009.52,48151.1,1662.85798
2024-02-12T03:00:00Z,48151.1,48231.1,48069.96,48145.0,754.32016
2024-02-12T04:00:00Z,48145.0,48145.01,48022.8,48070.0,646.94197
2024-02-12T05:00:00Z,48070.0,48183.43,48065.33,48073.18,482.26385
2024-02-12T06:00:00Z,48073.18,48171.21,47755.81,48149.43,1679.36861
2024-02-12T07:00:00Z,48149.43,48382.27,48118.08,48203.98,1636.34482
2024-02-12T08:00:00Z,48203.98,48311.15,48057.72,48114.01,986.77915
2024-02-12T09:00:00Z,48114.0,48129.47,47833.33,47880.92,1312.3213
2024-02-12T10:00:00Z,47880.92,48070.01,47710.01,47872.07,1756.39686
2024-02-12T11:00:00Z,47872.06,47926.36,47750.0,47903.03,1389.27351
2024-02-12T12:00:00Z,47903.04,48035.59,47841.0,48032.0,998.16608
2024-02-12T13:00:00Z,48031.99,48049.99,47894.24,47949.85,821.4727
2024-02-12T14:00:00Z,47949.85,48798.0,47929.13,48798.0,4057.27981
2024-02-12T15:00:00Z,48797.99,49950.0,48669.39,49917.8,10844.63202
2024-02-12T16:00:00Z,49917.8,49949.95,49372.22,49582.33,5386.65429
2024-02-12T17:00:00Z,49582.34,50334.82,49551.1,49854.48,7188.22064
2024-02-12T18:00:00Z,49854.49,49995.0,49673.1,49741.96,2623.01792
2024-02-12T19:00:00Z,49741.96,49942.76,49500.0,49532.03,2080.05295
2024-02-12T20:00:00Z,49532.02,50240.0,49532.02,50162.96,2691.51991
2024-02-12T21:00:00Z,50162.97,50271.02,49805.71,49816.3,2151.09064
2024-02-12T22:00:00Z,49816.31,50076.0,49816.3,50021.1,1072.29466
2024-02-12T23:00:00Z,50021.09,50049.43,49815.4,49917.27,1482.18922
2024-02-13T00:00:00Z,49917.28,50160.57,49904.0,50101.7,1751.68312
2024-02-13T01:00:00Z,50101.71,50368.61,49990.0,50141.16,1894.40779
2024-02-13T02:00:00Z,50141.15,50155.08,49840.0,49947.57,1321.82342
2024-02-13T03:00:00Z,49947.57,49959.24,49724.33,49789.99,1207.29588
2024-02-13T04:00:00Z,49790.0,49971.1,49789.99,49902.46,742.81902
2024-02-13T05:00:00Z,49902.46,50050.0,49816.6,50050.0,854.83365
2024-02-13T06:00:00Z,50049.99,50099.0,49962.14,50000.0,894.78904
2024-02-13T07:00:00Z,50000.0,50117.84,49900.1,49983.09,1562.62636
2024-02-13T08:00:00Z,49983.09,50151.1,49972.0,50117.98,1531.24026
2024-02-13T09:00:00Z,50117.99,50247.0,50000.66,50204.99,2287.51431
2024-02-13T10:00:00Z,50204.98,50220.6,49842.98,49861.09,2273.04945
2024-02-13T11:00:00Z,49861.08,50032.14,49650.0,49988.12,2733.08983
2024-02-13T12:00:00Z,49988.12,49996.0,49791.1,49860.0,1347.40959
2024-02-13T13:00:00Z,49860.0,49930.22,49188.1,49528.06,4797.41297
2024-02-13T14:00:00Z,49528.05,49651.3,48400.0,48692.16,8589.65035
2024-02-13T15:00:00Z,48692.17,49009.95,48444.0,48727.47,4624.00024
2024-02-13T16:00:00Z,48727.47,48855.29,48460.08,48477.07,2764.1038
2024-02-13T17:00:00Z,48477.58,48888.88,48300.95,48844.19,3201.76673
2024-02-13T18:00:00Z,48844.18,49263.57,48825.0,49107.84,2659.17205
2024-02-13T19:00:00Z,49107.84,49268.21,48912.0,49036.73,1767.2182
2024-02-13T20:00:00Z,49036.74,49500.0,49011.1,49399.41,2745.41119
2024-02-13T21:00:00Z,49399.4,49743.34,49341.94,49525.0,1852.05652
2024-02-13T22:00:00Z,49524.99,49624.0,49315.69,49521.54,993.28324
2024-02-13T23:00:00Z,49521.53,49775.0,49358.0,49699.59,1154.91005
2024-02-14T00:00:00Z,49699.6,49712.94,49381.1,49482.81,1098.18833
2024-02-14T01:00:00Z,49482.8,49531.1,49333.0,49433.29,931.36429
2024-02-14T02:00:00Z,49433.29,49560.06,49378.07,49490.48,581.45418
2024-02-14T03:00:00Z,49490.47,49615.97,49471.44,49518.61,595.44621
2024-02-14T04:00:00Z,49518.61,49584.55,49225.01,49385.99,827.1498
2024-02-14T05:00:00Z,49385.99,49633.77,49385.99,49539.05,879.77535
2024-02-14T06:00:00Z,49539.05,49656.07,49512.4,49637.83,876.97938
2024-02-14T07:00:00Z,49637.83,49877.22,49627.52,49838.93,1415.02028
2024-02-14T08:00:00Z,49838.93,50800.0,49741.19,50758.0,4164.03121
2024-02-14T09:00:00Z,50758.0,51686.0,50626.53,51551.1,8448.03702
2024-02-14T10:00:00Z,51551.1,51585.99,51238.36,51300.0,3117.11841
2024-02-14T11:00:00Z,51300.01,51723.08,50984.8,51555.12,4171.93821
2024-02-14T12:00:00Z,51555.12,51828.93,51411.77,51575.5,3599.00599
2024-02-14T13:00:00Z,51575.5,51815.32,51506.2,51786.01,2435.52976
2024-02-14T14:00:00Z,51786.0,52043.71,51557.98,51908.45,4671.42903
2024-02-14T15:00:00Z,51908.45,51989.99,51276.24,51590.0,4728.5859
2024-02-14T16:00:00Z,51590.0,51750.0,51200.24,51581.35,3256.79429
2024-02-14T17:00:00Z,51581.34,51729.71,51484.54,51663.99,1867.14913
2024-02-14T18:00:00Z,51663.99,51686.0,51378.0,51445.45,1865.86007
2024-02-14T19:00:00Z,51445.44,51680.0,51202.44,51678.0,1879.61745
2024-02-14T20:00:00Z,51677.99,51866.01,51634.0,51686.14,2209.91599
2024-02-14T21:00:00Z,51686.15,51782.17,51464.0,51725.25,1245.46814
2024-02-14T22:00:00Z,51725.26,51811.05,51608.0,51792.43,802.81576
2024-02-14T23:00:00Z,51792.44,51888.0,51733.95,51795.17,1377.69983
2024-02-15T00:00:00Z,51795.17,52500.0,51763.47,52321.2,3790.36754
2024-02-15T01:00:00Z,52321.19,52351.1,51717.58,51901.45,2652.5704
2024-02-15T02:00:00Z,51901.46,52220.12,51866.23,52048.46,1670.84571
2024-02-15T03:00:00Z,52048.45,52390.0,52033.14,52343.32,1371.41333
2024-02-15T04:00:00Z,52343.32,52364.55,52114.71,52140.0,1462.67778
2024-02-15T05:00:00Z,52140.0,52235.29,51814.14,51955.66,1371.71894
2024-02-15T06:00:00Z,51955.67,52091.58,51840.27,51974.5,1309.61682
2024-02-15T07:00:00Z,51974.49,52100.0,51634.01,51776.61,2014.64205
2024-02-15T08:00:00Z,51776.6,51981.1,51650.0,51934.01,1324.11775
2024-02-15T09:00:00Z,51934.01,52261.36,51870.0,52165.99,1836.15509
2024-02-15T10:00:00Z,52166.0,52344.16,52096.0,52286.7,1699.22638
2024-02-15T11:00:00Z,52286.71,52498.12,52161.1,52330.0,1921.71223
2024-02-15T12:00:00Z,52330.0,52494.0,52080.0,52331.94,2139.43803
2024-02-15T13:00:00Z,52331.94,52353.55,52085.24,52217.73,1833.56019
2024-02-15T14:00:00Z,52217.72,52816.62,52078.0,52621.31,4519.44224
2024-02-15T15:00:00Z,52621.31,52660.0,51721.31,51948.23,5423.15108
2024-02-15T16:00:00Z,51948.24,52380.0,51742.0,52265.32,3408.06139
2024-02-15T17:00:00Z,52265.32,52317.3,51850.5,51875.59,2173.95966
2024-02-15T18:00:00Z,51875.6,52060.0,51831.34,51977.99,1611.13065
2024-02-15T19:00:00Z,51977.98,52056.0,51725.0,52002.01,2065.22624
2024-02-15T20:00:00Z,52002.01,52011.1,51569.81,51686.0,2961.36308
2024-02-15T21:00:00Z,51686.0,51807.65,51314.0,51327.27,2310.78155
2024-02-15T22:00:00Z,51327.27,51823.52,51317.0,51644.4,1489.34918
2024-02-15T23:00:00Z,51644.39,51973.48,51622.3,51880.0,1455.50324
